1,0.17996640537514003,0.02827153581156102,-0.04385457099201871,-0.03388977992047151,0.026373480369361553,-0.012773913126002444,0.03325393134733462,0.014747890785889822,-0.023213218058099512,-0.029856412105797644,0.02162834176386289,-0.02867012745442298,0.03823632688310822,-0.021552419546174977,0.03040684818403542,-0.020840648755350178,-0.0028091220544552453,0.02328914027578742,0.0007497318996687548,-0.008503288381053645,0.013798863064790088,-0.015383739359026712,0.016171432367539422,0.012375321483140488,0.03894809767393302,-0.01894259331315071,-0.024874016570024044,-0.005418948287479511,0.039422611534482885,-0.026297558151673645,0.014510633855614888,0.03918535460420795,-0.006842489869129112,-0.029856412105797644,0.01830674474001382,-0.019417107173700578,-0.011350371544352846,0.037287299162008486,0.006681155156542088,-0.035787835362670974,0.011426293762040754,0.03515198678953409,-0.004707177496654712,-0.036262349223220844,-0.03388977992047151,-0.014197454707652045,0.022340112554687687,0.032779417486784757,-0.027721099733323245,0.006206641295992221,-0.024636759639749112
2,0.20200447928331478,-0.006418915771527683,0.04319026635239745,0.03597015064422055,0.010583292186437268,0.03224363931096796,0.04016247589412972,-0.03506647164590698,-0.03273740206262411,0.03853212718583171,-0.002925311396603378,-0.027380542021073512,-0.021790775021194624,-0.011077054938093423,-0.00735054360484083,0.002897362561603797,-0.001527869646633656,-0.005021474021557961,-0.016433914979644023,-0.0168997288963006,0.021762826186195044,0.0005682929783209271,-0.004089846188244813,-0.033436122937608975,0.04598514985233689,-0.02831216985438666,-0.018762984562926893,0.009884571311452407,0.019200849644583885,-0.028079262896058374,0.04505352201902374,-0.018064263687942034,0.042025731560756015,-0.01363903147970458,-0.024818565479462356,0.036668871519205413,0.024790616644462773,0.014775617436346434,0.029914569727685088,0.027585500144402218,-0.003624032271588239,-0.016433914979644023,-0.035998099479220134,-0.035765192520891845,-0.0168997288963006,-0.002459497479946804,-0.012241589729734858,-0.025517286354447215,-0.028777983771043233,0.015474338311331295,-0.005720194896542821
3,0.2791265397536394,-0.03765342391399505,0.007213769194404084,0.01771925831246827,-0.0308686288585786,0.03829250783534398,0.007651497907656759,-0.02692907043930453,0.016843800885962924,-0.03502705163447901,-0.016861310034493013,-0.013797209041724294,-0.009857650622450222,-0.00526149913329714,0.01881358009559996,-0.01007651497907656,-0.010514243692329233,0.03632272862570694,0.02910020485703781,0.018375851382347284,-0.020144275383888074,-0.026491341726051856,-0.0026351268537810925,0.0008667028522403035,0.020564494948610658,0.0034930751317563506,0.007432633551030421,0.032820898919685544,-0.01401607339835063,0.03544727119920159,0.018156987025720946,0.010059005830546468,-0.03721569520074238,0.008745819690788446,-0.030649764501952264,-0.021457461523646096,0.03238317020643287,0.03544727119920159,0.0008667028522403035,0.0043685325582616995,0.03391522070281723,0.036541592982333275,-0.008325600126065862,0.019689037522105306,-0.03393272985134732,-0.021457461523646096,-0.011389701118834583,-0.003948312993539116,-0.03699683084411604,0.0032742107751300136,-0.028898849648941564
4,0.1608118701007839,-0.013124574934521845,0.00038105160596368123,0.008098552486241126,0.03197457083459947,-0.030006608110128754,0.01629839717153591,0.023774726149304683,0.01581605336651857,-0.017706841082186578,0.001828083021015702,-0.01963621630225594,0.027151132784426064,-0.01891270059472993,-0.008301136884348444,-0.030006608110128754,-0.010230512104417805,-0.016259809667134556,0.028115820394460745,-0.029041920500094073,-0.023494966742394662,0.03486863366470351,0.021363007124217983,-0.0215655915223253,-0.02108324771730796,-0.032900670940232794,0.0011045673134896915,-0.016500981569643226,0.023292382344287342,-0.0215655915223253,-0.00203066741912302,0.03318043034714282,0.03872738410484223,-0.005407074054244402,-0.026389029572498703,0.04523902547257633,-0.03169481142768944,0.03945089981236824,-0.012401059226995836,-0.016742153472151897,-0.010712855909435144,0.0027927706310503825,0.011233787218853836,-0.015053950154591206,0.023533554246796012,0.018227772391605272,0.006651521071189105,-0.00034246410156232914,0.0052044896561370835,0.024980585661848034,-0.03217715523270678
5,0.17034714445688678,-0.02044741273729322,0.005865355174525518,-0.00657340783833425,0.007300597060624722,0.02739398346601358,-0.029058864053888446,-0.011835961420697998,0.013998392529087675,-0.001071647274953968,-0.006334200857317716,-0.035517452541334864,-0.012314375382731066,-0.03814872933251674,0.013998392529087675,0.03337415799142693,0.002038043478260974,-0.030254898958971117,0.01017108083282313,-0.017098515003061747,0.0046693202694428485,0.024762706674831707,-0.0058557868952846485,0.02739398346601358,0.030742881200245056,-0.03623507348438447,-0.020686619718309755,-0.027623622167789245,0.03480939987752613,0.014716013472137277,0.026437155541947442,0.029546846295162386,-0.015663273116962542,0.012323943661971936,0.01017108083282313,-0.009443891610532659,-0.04197604102878128,0.030503674219228522,0.029546846295162386,-0.043172075933863956,-0.03671348744641754,0.02978605327617892,-0.025231552357623904,-0.0008324402939374339,0.03480939987752613,0.02141380894060023,0.009692666870790062,0.017347290263319153,-0.03671348744641754,0.007539804041641256,-0.001550061236987036
6,0.1822508398656215,0.005446365143263083,-0.025100639355908123,-0.02557423632488752,-0.012550319677954062,-0.017049490883258345,0.026758228747336018,-0.03765095903386218,0.014918304522851054,0.01610229694529955,-0.02557423632488752,-0.02557423632488752,0.0322045938905991,-0.025100639355908123,-0.01302391664693346,0.014444707553871654,-0.013971110584892256,-0.02557423632488752,0.01278711816244376,0.0326781908595785,0.012313521193464362,-0.028179019654274214,0.003551977267345489,-0.0016575893914278948,0.02273265451101113,-0.037177362064882785,0.019417475728155338,-0.03646696661141369,-0.008524745441629173,0.018233483305706844,0.006156760596732181,0.028179019654274214,-0.00023679848448969926,-0.01610229694529955,0.03859815297182098,0.018707080274686243,0.0033151787828557895,0.034572578735496094,0.01918067724366564,0.017996684821217145,0.021075065119583236,0.020838266635093534,0.03646696661141369,-0.040729339332228276,-0.03836135448733128,-0.038124556002841585,-0.013497513615912858,0.02581103480937722,-0.004262372720814586,-0.013260715131423158,0.020838266635093534
7,0.16642777155655084,0.020765730304717758,0.011885332462894443,-0.02603636642921593,0.018605633532382357,-0.025316334171770795,0.010445267948004176,-0.0015552696760813838,-0.026756398686661062,-0.0013152589235996726,0.007565138918223642,0.031326203413913054,-0.0190760546072463,-0.013555807300166945,0.03924655824580952,-0.029636527716441596,0.014285439987711555,0.0008448378487357283,-0.020276108369654856,0.008285171175668776,0.03492636470113872,0.027966052879169093,0.031326203413913054,0.0034849561260345513,-0.005155430963307052,0.0008448378487357283,-0.005155430963307052,0.02340584858201658,-0.03275666749870384,0.0010848486012174394,-0.020036097617173145,-0.037316871795856354,-0.03659683953841122,0.019805687294790913,-0.033476699756148975,0.04164666577062663,-0.03323668900366726,-0.018596033102282878,0.023885870086980003,-0.02867648470651475,0.0025249131161077065,0.018845644284864068,-0.007555538488124164,-0.01883604385476459,0.03492636470113872,-0.003235344943453362,-0.013315796547685234,0.016205526007565245,-0.008035559993087586,0.01692555826501038,0.0044449991359613965
8,0.1881075027995521,0.01509924786518123,-0.01459028445399538,0.0009613753322399874,0.03277158853135778,0.028294595562593058,0.003788949838828236,-0.006814454560877696,0.029944014024769535,-0.004929404889818864,-0.034854568417877825,0.008501574016475317,-0.037682142924466075,-0.04027408622217197,-0.024958057644818957,0.011093517314181211,-0.011291447529642423,-0.011762709947407132,0.012036042149710628,0.01509924786518123,0.0047314746743576525,-0.009642029067465944,-0.03509019962676018,0.015570510282945938,0.023581971384945975,-0.029906313031348393,0.021696921713887145,0.01745555995400477,-0.017182227751701275,-0.016710965333936567,0.021696921713887145,0.022639446549416558,0.009444098852004734,0.019340609625063603,-0.024251164018171897,-0.04286602951987786,0.022168184131651853,-0.0075213481875247585,-0.031084469075760162,0.0019039001677694034,-0.005165036098701218,0.030179645233651888,-0.016710965333936567,-0.000688043129936491,0.026645177100416577,0.033949744575769554,0.020518765669475372,-0.0416878734754661,0.023581971384945975,-0.0030443552187600312,-0.003986880054289448
9,0.29362821948488244,-0.00018178512997639942,-0.03091212853074336,-0.017278243782515763,-0.02550185680525622,-0.03870291981544484,-0.03285982635191873,0.02903368218765416,0.035958829996277704,0.03401113217510233,-0.0317777720068213,-0.015114135092320907,0.02622034089040085,-0.02636750028133416,-0.011867972057028624,-0.022255693769963933,0.030332147401771075,0.01323568874923171,0.03401113217510233,0.027302395235498274,-0.014897724223301422,0.0314142017468685,-0.007539754676638911,0.025354697414322905,-0.03675522199426947,0.03790652781745307,-0.0317777720068213,0.003930021381393828,0.00133309095316,-0.03805368720838639,0.036608062603336156,-0.011651561188009137,-0.00559205685546354,-0.015330545961340394,0.017131084391582452,0.04136910172176484,-0.033076237220938214,0.015399797439426566,-0.03827009807740587,0.023406999593147532,-0.032427004613879755,0.03098138000882953,0.02210853437903062,0.029682914794712616,-0.02290492637702239,0.01907878221275782,-0.005159235117424569,-0.02485262419819776,-0.029613663316626446,0.013884921356290167,0.021026480033933193
10,0.20072788353863383,0.03707157845651667,0.01608766612263931,-0.02471438563767778,0.015155047796689206,0.00932618325950105,-0.014688738633714152,0.028678013522965725,0.0023315458148752623,0.0391699696899044,-0.0284448589414782,0.03031009559337841,0.042434133830729776,-0.02051760317090231,0.013289811144788995,0.0023315458148752623,-0.03753788761949172,0.019351830263464678,0.018885521100489626,-0.021916530659827467,0.024947540219165308,0.02238283982280252,-0.021217066915364888,-0.002797854977850315,0.01608766612263931,-0.012590347400326416,0.0034973187223128937,0.0032641641408253674,-0.02238283982280252,0.03147586850081604,-0.012124038237351364,-0.007460946607600839,-0.02424807647470273,-0.03520634180461646,-0.00862671951503847,-0.023315458148752622,0.03170902308230357,-0.0142224294707391,0.0426672884122173,0.016320820704126836,-0.03707157845651667,0.012823501981813942,-0.01841921193751457,-0.023082303567265098,0.023781767311727674,0.007227792026113313,-0.030543250174865935,-0.013289811144788995,-0.03240848682676615,0.007927255770575892,-0.03170902308230357
11,0.39829227323628213,0.0008609125673213971,-0.005345666406390738,-0.010350972030352137,-0.019760946603399568,0.03329529301059127,-0.014355216529521257,-0.019360522153482655,-0.021763068852984128,-0.00874927423068449,-0.004945241956473826,0.028690411836546775,-0.020561795503233393,0.036899113059843475,-0.034176226800408396,-0.01515606542935508,-0.03157346787594847,0.016277253889122507,0.009470038240535003,0.026888501811920672,0.027889562936712953,-0.023965403327527144,0.04410675315834789,-0.03557771237511759,-0.032774741225699205,0.00866918934070118,0.03189380743588207,-0.010150759805393681,-0.00374396860672309,0.0006607003423629411,0.015476404989288683,-0.022764129977776406,-0.017959036578773464,-0.028370072276613173,0.01407491941457949,0.02208340841291773,-0.02316455442769332,-0.005545878631349194,0.002062185917072133,0.02408553066250229,-0.009149698680601401,-0.024966464452319422,0.005265581516407428,0.04510781428314017,0.03990229643422031,0.021282559513083905,0.0427052675836387,0.010871523815244196,-0.01615712655414736,-0.031373255650990015,-0.01675776322902273
12,0.16408734602463604,0.020413071291833836,-0.028647561878926028,-0.02792608197935603,-0.004357738593402762,-0.012053524188816073,-0.02960953507835269,-0.01998980308408605,-0.03153348147720602,0.013198272296133856,0.04590536107664043,-0.004117245293546096,-0.017825363385376058,-0.03177397477706269,-0.00628168499225609,-0.010370071089819412,0.008388406299000537,-0.005319711792829426,0.02738737698767715,0.0213750444912605,-0.010610564389676077,0.03508316258309046,0.008388406299000537,0.036045135782517126,-0.011813030888959408,0.030032803286100477,-0.03201446807691935,-0.019027829884659387,-0.018787336584802722,-0.006522178292112756,-0.017584870085519393,0.00454051350129388,0.005261993400863878,0.015122218694987184,0.021615537791117165,-0.02071128298365605,-0.017344376785662724,-0.013015497388242737,0.00694544649986054,-0.004838725193116094,0.029551816686387143,-0.018546843284946057,0.016324685194270515,-0.009408097890392748,-0.018306349985089388,0.04205746827893378,0.025703923888680487,0.02810885688724715,-0.017344376785662724,0.030273296585957142,-0.006041191692399424
13,0.24232922732362833,0.007075896881196961,0.022399495222642785,0.01000540832882631,0.02127276005047765,-0.020867135388498367,-0.012979989183342429,0.03231476473769597,-0.001712637461691086,0.03614566432305742,-0.004191454840454381,-0.0008112493239589786,0.018793942671714355,0.025329006670272134,-0.019064359113034154,-0.030557057869118522,0.013160266810888686,0.007301243915629987,0.023751577429240948,0.0208220659816116,-0.03686677483324327,-0.028078240490355226,-0.030557057869118522,-0.00712096628808373,-0.0008112493239589786,-0.027627546421489173,-0.0008112493239589786,-0.014782765458806644,0.037272399495222555,0.03862448170182072,-0.03934559221200657,-0.011627906976744267,-0.01005047773571308,-0.03213448711014971,-0.01996574725076626,-0.02920497566252036,-0.027402199387056146,0.034568235082026236,0.039751216873985855,-0.01703623580313691,0.004371732468000639,0.003019650261402478,-0.012529295114476374,0.015413737155218954,0.03749774652965558,0.022399495222642785,-0.02064178835406534,-0.015458806562105723,0.0034703443302685315,-0.031233098972417602,0.028709212186767537
14,0.15861702127659572,-0.0032813187131817984,0.003242658109786466,-0.008113894137602735,0.007833604762986356,0.034171140826080464,0.003484286881007513,0.009525006161533683,-0.021161847783539266,0.027888792774333242,-0.0015899173146344705,0.004692430737112747,0.018465270696712416,-0.03276002880214951,-0.007389007823939595,0.039728602564164536,-0.023336506724528687,-0.027444195835286483,0.029338565401659526,0.01677386929816509,-0.020920219012318216,0.012666180187407292,0.0235394748923544,-0.01995370392743403,-0.026236051979181246,-0.01753741621522356,0.04383629167492233,-0.015604386045455188,0.011458036331302058,0.04576932184469071,0.033687883283638365,-0.034693058971917885,0.004692430737112747,-0.013429727104465765,0.029821822944101618,-0.027927453377728576,0.013874324043512527,-0.0006234022297502833,-0.035659574056802076,-0.0259944232079602,-0.03082699863238114,0.020639929637701837,-0.002556432399518658,0.0054173170507758875,0.020156672095259745,-0.022611620410865545,-0.02768582460650753,-0.021645105325981358,0.0390037162505014,-0.026477680750402296,-0.004247833798065986
15,0.16473684210526304,-0.03231388987703215,-0.03351568584092058,0.0371499168357194,-0.0294295795636999,0.002778552268510158,-0.028227783599811464,-0.021017007816480856,0.019363336570170562,0.0008556787262886619,-0.0003461172375997731,-0.03279460826258752,0.023689802040168927,0.003739989039620906,0.004461066617953967,0.036188480064608654,0.008066454509619271,-0.00010575804482208609,0.009748968859063081,-0.023180240551480037,0.020565132534058995,-0.011162280912595688,0.03979386795627395,0.01143148320850689,-0.001547913201488208,0.005662862581842402,0.006143580967397776,-0.006114737864264261,0.003499629846843219,-0.009239407370374191,0.04412033342627232,0.01695974464239369,0.012392919979617638,0.019363336570170562,0.013835075136283759,-0.022459162973146977,-0.01909413427425936,-0.027506706021478405,-0.00851832979204113,0.03931314957071858,-0.03231388987703215,0.009748968859063081,-0.02462239570814616,-0.03447712261203133,-0.029669938756477585,0.013835075136283759,-0.03351568584092058,0.027054830739056544,-0.013806232033150245,0.04412033342627232,0.0010960379190663489
16,0.1586618141097424,0.029540391520124536,0.01286865084542644,0.0024790153524986394,-0.028206652266148585,-0.029897988276625202,-0.03787142946887212,0.04597051276475454,0.014076747995766881,-0.027723413406012407,-0.019508352783697402,0.0406548853032566,-0.012743008741790927,-0.02603207739553579,0.03896354929277998,-0.030864465996897555,0.03074848867046498,-0.009118717290769603,-0.03473037687798697,-0.026756935685740054,0.04597051276475454,0.02881553322992027,0.03485601898162248,0.026640958359307475,-0.03255580200737417,0.013593509135630705,-0.005252806409680189,0.0007876793420220208,0.025674480639035123,-0.004044709259339746,-0.02409912195499108,-0.028448271696216672,0.004895209653179523,0.00972759825454129,-0.034247138017850794,0.013351889705562616,-0.021924547084378285,0.00030444048188584406,0.02180856975794571,-0.035696854598259324,-0.020716449934037845,0.031473346960669245,-0.02434074138505917,0.01286865084542644,-0.03013960770669329,-0.009843575580973868,-0.035696854598259324,0.019633994887332914,0.025432861208967036,0.02156695032787762,0.03775545214243954
17,0.17088465845464715,0.029074215761285476,0.011620122417750662,-0.0003347360367252382,0.02261859219586849,0.0187930374904362,-0.0383511859219586,0.008511859219586929,-0.03452563121652631,-0.01826702371843909,0.03242157612853873,0.03505164498852342,-0.014680566182096318,0.008511859219586929,-0.010376817138484994,0.007794567712318374,0.008511859219586929,0.01640206579954102,0.010902830910482109,0.011381025248661143,0.00349081866870705,-0.0170715378729915,-0.01324598316755921,0.03409525631216535,-0.03548201989288438,0.02955241009946451,0.03170428462127017,-0.03596021423106342,0.02477046671767415,-0.04074215761285378,0.02859602142310644,0.01185921958684018,0.02357498087222656,0.007555470543228856,-0.031417368018362576,0.01807574598316765,-0.04050306044376426,-0.011572302983932584,-0.013006885998469692,0.0032517214996175318,-0.03213465952563113,0.010185539403213553,-0.008224942616679332,0.012576511094108733,-0.010376817138484994,-0.01922341239479716,-0.008942234123947887,0.019749426166794273,-0.011094108645753548,-0.03715570007651101,0.0020562356541699417
18,0.18258118701007847,0.02315715712872077,-0.017560804700557337,0.03499377393955743,-0.008564975924321474,-0.01116903162270554,0.0023247115416482507,-0.019691395726507934,-0.013299622648656138,0.032389718241173364,-0.01424655199352307,0.01723884872330244,0.021973495447637104,-0.04170750299466412,0.012740934335184511,0.0006675851881311187,-0.02182198675245853,-0.031764744873561325,-0.0215852544162418,0.002561443877864984,-0.018034269372990804,0.026944874508188502,0.03712436496550803,0.008716484619500047,-0.018034269372990804,0.00374510555894865,0.032626450577390095,0.025051015818454637,-0.02182198675245853,-0.00974863760540514,0.03594070328442436,0.009426681628150246,-0.029397421511393993,0.03783456197415823,-0.041470770658447384,-0.0201648603989414,-0.030107618520044194,0.008479752283283314,0.009426681628150246,-0.009275172932971674,-0.019217931054074468,0.0035083732227319166,-0.00903844059675494,0.028602000861705633,-0.03413206823572866,-4.261182051908087e-05,0.006112428921115982,0.029548930206572566,-0.024899507123276064,0.011320540317884112,0.024340818809804435
19,0.1668085106382979,-0.0009213405505010138,-0.03475181388920883,-0.01867634074244696,-0.004760259510921759,-0.03667127336941921,0.008915889285577147,-0.01723674613228918,3.838918960417254e-05,0.011555146070866409,-0.0018810702906062002,0.013954470421129374,0.02067257860186568,-0.01387769204192103,-0.025154516488156968,0.016593727206418638,0.005796767630235291,-0.0016411378555799036,-0.022755192137894002,-0.00020154324542212405,-0.016996813697262886,0.04466582210449534,0.03170947061307532,-0.03139275979884068,0.030269876002917542,0.009155821720603443,-0.028753503013551417,0.03962724096894311,-0.025154516488156968,-0.015317286652078809,-0.022035394832815112,-0.037391070674498095,0.005556835195208994,-0.011958232561710656,0.03890744366386422,-0.03139275979884068,0.007476294675419367,-0.022755192137894002,-0.026834043533341047,-0.01099850282160547,0.033388997658259395,0.02139237590694457,-0.010278705516526581,0.04514568697454793,0.03362893009328569,0.013714537986103078,-0.008599178471342504,0.04562555184460052,0.021872240776997162,0.004597105455103808,-0.02587431379323586
20,0.19395856662933922,0.023255377718168716,0.028179383889589783,-0.003943894466823855,0.007545453266491972,-0.02762601938651566,-0.015667718684493064,0.022082995296401793,0.029586242795710087,0.03474472545148454,0.004028306001191209,0.03122757818618378,0.001683541157657367,-0.018481436496733675,-0.04474280274431271,-0.01918486594979383,0.0012145881889505984,0.03451024896713116,0.010593647563085968,0.03779291974807854,-0.03090869016746304,-0.021295154308974287,0.020910612874634874,-0.005116276888590775,0.02067613639028149,-0.044977279228666095,0.017627942093687492,0.03615158435760485,-0.01754353055932014,-0.02598468399604197,0.004731735454251361,-0.028094972355222427,-0.02879840180828258,-0.004881800404237391,-0.022233060246387822,0.019269277484161185,-0.031143166651816424,0.011766029984852888,-0.027391542902162277,0.022082995296401793,0.024427760139935636,-0.03817746118241795,-0.01261952438789907,0.012000506469206272,0.013407365375326578,-0.0015991296232900122,0.008248882719552125,-0.023405442668154745,0.03779291974807854,0.004731735454251361,-0.02645363696474874
21,0.19763717805151176,0.020112390017671965,0.012865945450635342,-0.0067695817632703525,0.030397666177336854,-0.0027957250652180096,0.03530654798081328,0.006788282265378817,0.008190819923514938,0.017307314701399724,-0.03271652843878859,-0.008639631974118513,0.010762138963431159,0.0032819381200385146,0.006554525989022797,-0.030846478227940427,-0.024301302489971865,0.007022038541734837,-0.028508915464380228,-0.022431252279123702,-0.042768048322097456,0.0123984328979233,0.03320274149360909,-0.021729983450055643,0.03320274149360909,-0.01798988302835932,-0.04043048555853725,-0.0006919185780138281,0.028995128519200733,0.003048181843682494,0.013800970556059422,0.0016456441855463733,0.036007816809881334,-0.006068312934202292,0.0016456441855463733,0.0016456441855463733,0.01099589523978718,-0.03669038513684093,-0.015184807712087078,0.02338497788665625,-0.044871854809301635,-0.03248277216243257,-0.01869115185742738,0.02852761596648869,0.0077233073708028975,0.008892088752582999,-0.00349699389428607,0.008424576199870958,-0.004899531552422191,0.016138533319619622,0.014735995661483502
22,0.17380739081746924,0.029373885003959096,-0.027628051630875526,0.04296848913862677,-0.015225956630827826,-0.009978916438499952,0.005762204138483666,0.0167332881769874,-0.035975615573215325,-0.007832399996184005,0.018641302792379355,-0.018564982207763744,0.039390961734766854,0.03795995077322289,-0.03359059730397538,-0.0009158470153881725,-0.0006773451884641783,0.01220175346543151,0.03581343433090694,-0.02619704066933156,-0.01784947672699176,-0.003539367111552109,-0.03454460461167136,-0.020711498650079693,0.03986796538861484,0.005762204138483666,-0.02786655345779952,-0.019280487688535727,-0.013079440188511877,-0.026435542496255553,0.022695833850087256,-0.0006773451884641783,-0.020950000477003686,-0.01427194932313185,-0.009024909130803976,0.021503324715467283,0.04082197269631082,-0.015702960284675816,-0.0028238616307801265,-0.03526011009244334,0.01506377538851944,0.027704372215491133,0.015779280869291423,-0.03788363018860728,0.04010646721553884,-0.004493374419248086,-0.01784947672699176,0.03581343433090694,-0.02166550595777567,0.04392249644632274,-0.027389549803951533
23,0.2020660694288913,-0.03138959145554727,0.031957855316294796,-0.020210630260516317,0.010997303075611758,0.03242364536608775,0.01076440805071528,-0.03138959145554727,-0.019046155136033926,0.020313104071470887,0.03521838566484549,0.022874949345332147,0.024039424469814538,0.005640717502992761,0.027998639893054667,-0.012757989463829016,-0.00577113871693467,0.026834164768572276,-0.03651328200326979,0.011463093125404715,-0.036746177028166266,-0.008798774040588887,0.007969667751957543,0.009832827951129369,0.029163115017537055,-0.015785624787483233,0.030327590142019446,0.010298618000922324,-0.0027435033932804538,0.02357363442002158,-0.004839558617348757,-0.03767775712775218,0.025902584668986362,-0.02090931533520575,0.03591707073953492,-0.0032092934430734098,-0.007401403891210017,-0.021608000409895186,-0.016717204887069143,-0.013922464588311406,-0.020676420310309272,-0.0013461332439015845,-0.032321171555133185,-0.018813260111137448,-0.04163697255099231,-0.01205930438913958,-0.021840895434791664,0.01612099362333428,0.025902584668986362,0.00447624237851037,0.01612099362333428
24,0.17587905935050385,-0.00696150696150691,0.0416071462583091,-0.015532445765003853,0.04017865645772628,-0.019341751899891384,-0.016246690665295264,-0.008866160028950675,-0.0045806906272022035,0.009942289012056507,0.0213702074167191,0.002085595108850975,-0.03815020094089856,0.01494200331409639,0.021608289050149568,0.020655962516427685,-0.022198731501057032,0.013989676780374508,-0.00719958859493738,0.035893187055977806,0.04136906462487863,0.024227187017884746,-0.02934118050397115,-0.04100718054206421,-0.017199017199017147,-0.031245833571414916,0.034702778888825454,-0.029103098870540682,-0.014103955964421029,0.019465554349275334,0.014227758413804978,0.008275717578043212,0.023512942117593333,-0.027198445803096917,-0.014103955964421029,-0.01077081309639444,0.03636935032283875,-0.03553130297316339,0.01137077881263933,-0.00696150696150691,0.01113269717920886,0.003514084909433799,-0.023151058034778915,0.03375045235510357,0.004228329809725211,-0.029103098870540682,-0.03648362950688527,-0.0281507723368188,-0.009342323295811616,-0.005294935527493615,0.03875016665714345
25,0.23751399776035825,-0.03651253280246124,0.013935390462401677,-0.027463577956745915,0.0062437788435436535,-0.026784906343317268,0.02388924079268853,-0.01208035471902987,0.0202696588544024,0.0189123156275451,0.034974210478689795,0.01868609175640222,0.0062437788435436535,0.006922450456972303,0.007601122070400952,-0.0021265043887430182,-0.027237354085603033,0.0322595240249752,0.019817211112116633,-0.02542756311645997,-0.013890145688172935,0.03904624015926169,-0.026332458601031502,0.026377703375260242,-0.03741742828703277,-0.03922721925617583,0.009184689168401133,-0.02474889150303132,-0.003483847615600316,-0.003257623744457433,-0.003936295357886082,-0.02836847344131745,0.009410913039544016,0.02388924079268853,-0.012985250203601403,0.009863360781829781,0.029544837571260606,-0.011175459234458339,0.010315808524115547,0.03135462854040367,-0.030404488281603394,0.03565288209211845,-0.03741742828703277,0.01710252465840204,-0.036964980544747006,0.030902180798117903,0.007148674328115186,-0.03538141344674682,0.007148674328115186,-0.010044339878743924,0.015971405302687623
26,0.22291713325867868,-0.01974699308191367,0.017567635626084478,-0.007614015649251697,0.0221461176761456,-0.030735350002060364,-0.01745775205688311,0.01802548383109059,-0.013794966416834212,-0.03668737666713982,-0.004180154111705855,0.03427909510880758,-0.0018909130866752936,0.015278394601053916,0.00497680998841639,-0.0190602207744045,0.004747885885913334,-0.01562635923685866,0.0038321894759011095,0.027182447931212834,0.014133774088538635,-0.023180854619459512,-0.028446108977029805,0.033821246903801463,0.03038738536625562,-0.020662689491925897,0.03473694331381369,0.03405017100630452,-0.0014330648816691814,-0.03348243923209704,-0.008987560264270033,-0.0002884443691539007,-5.952026665084456e-05,-0.019975917184416728,0.030845233571261732,0.032447702288783124,-0.03096427410456342,-0.020204841286919784,0.019399028446108926,-0.02913288128453897,0.009326367935974456,0.032676626391286184,-0.007842939751754752,-0.002348761291681406,0.0036032653733980534,-0.019289144876907558,-0.02455439923447785,0.03405017100630452,0.002687568963385829,-0.033253515129593986,0.010699912550992794
27,0.16934490481522946,-0.03852139146256785,0.006727477315712697,-0.017692547104311725,-0.010749598984893017,0.023486317603964753,-0.02894491129785239,-0.021762551174315796,0.022049845579257432,-0.02224137518255157,-0.03469079939668167,-0.011707247001364562,-0.016495487083722293,0.04048456989633469,-0.0030884148531206486,-0.010270774976657243,0.012473365414541974,-0.013861955038425541,-0.0358878594172711,-0.01936843113313693,0.0297110297110298,0.026598673657497275,-0.033493739376092235,0.029471617706911913,-0.03301491536785646,-0.03157844334314914,0.036414565826330625,-0.012186071009600336,-0.013622543034307655,0.022768081591611092,0.040245157892216804,0.013431013431013519,0.019655725538078567,-0.005961358902535287,-0.01601666307548652,-0.03636668342550687,0.016543369484546044,0.036653977830448506,-0.016256075079604405,0.015106897459838725,-0.03923962747492151,0.03521750580574119,0.004572769278651719,0.004572769278651719,0.04072398190045258,0.036653977830448506,0.036414565826330625,-0.01194665900548245,0.019176901529842794,-0.02894491129785239,-0.005243122890181627
28,0.48271556550951855,-0.011189027729001261,-0.022517776695252918,-0.011566652694542982,-0.02912621359223305,0.026384656342400066,0.0003285337200212568,-0.032524838282108545,-0.0040141533837085444,0.027895156204566954,-0.018175089591523114,0.01713284468662788,0.0071257830997722505,0.019965031928190796,-0.007223965590813181,0.024307719031920597,0.006559345651459668,-0.015720527315501925,-0.009678527866834373,-0.020440839384773448,-0.032524838282108545,-0.008734465452980069,0.004671220823751058,0.00920272041025172,0.00297190847881331,-0.018175089591523114,0.005804095720376224,-0.019685589453690002,0.01297897006566894,0.003160720961584171,-0.0006155286938330478,0.022608406686982847,-0.030447900971629076,-0.025916401385128414,0.022419594204211985,0.0329930932393802,0.036202905446484836,-0.004769403314791989,-0.009678527866834373,-0.022517776695252918,0.04564352958502788,0.04677640448165305,0.040356780067443775,-0.030070276006087353,-0.016475777246585367,-0.0110002152462304,0.030160905997817285,-0.010811402763459538,-0.031769588351025106,0.042622529860694106,-0.03290246324765027
29,0.22656774916013442,0.007463538219249953,0.0156802775431949,0.02435350238513679,-0.039326227375436555,-0.04092392668842585,-0.009882911464633826,0.013854335471207135,0.024125259626138318,-0.03750028530344879,0.03371145550407409,-0.04297811151941209,0.021386346518156667,-0.0436628397964075,-0.008513454910643,0.009061237532239247,0.03120078515509091,-0.03864149909844114,-0.043206354278410554,0.03416794102207103,0.026407687216123025,-0.04092392668842585,0.005409353388263716,-0.008741697669641472,-0.014904252162600183,0.029146600324104675,0.02458174514413526,0.03667861137105421,0.02480998790313373,0.003126925798279008,0.022527560313149023,-0.0009814438636934657,0.0063223244242575985,0.03074429963709397,-0.0060027845616598225,-0.025175176317531366,0.027092415493118437,-0.007600483874649118,0.022527560313149023,0.01910391892817196,0.0035834113162759493,-0.012850067331613946,-0.006687512838655235,0.026407687216123025,0.000159769931298888,-0.0014379293816904073,-0.03795677082144573,-0.004861570766667469,0.012256636158217838,-0.025175176317531366,-0.03795677082144573
30,0.1917525195968644,-0.01126161045257852,0.009410515534632954,0.019276757483074794,0.03125719413475417,-0.04109524682048599,-0.03381302062044558,-0.038511231072084554,0.007296320831395416,-0.010087057839668777,0.02961282047668053,0.006121768218485674,-0.030054452259134404,0.009645426057214902,-0.022772226059094,0.0014235577668467022,-0.016429641949381388,0.015518189121763616,-0.023242047104257896,-0.0309940943494622,-0.0046841158202839605,0.026089162637951302,0.04088852556061406,0.004477394560412034,0.028438267863770787,0.032196836225081966,0.04088852556061406,-0.04109524682048599,-0.033578110097863635,0.03313647831540976,0.010115247102378799,-0.04109524682048599,-0.0030397421622103205,-0.016899462994545287,1.4094631355010919e-05,0.014343636508853872,-0.010087057839668777,0.017397473302419204,-0.01619473142679944,0.023974967934713765,0.031727015179918064,-0.015959820904217492,-0.011496520975160468,-0.030054452259134404,-0.010791789407414622,0.032196836225081966,0.01622292068950946,-0.031229004872044146,0.0011886472442647537,1.4094631355010919e-05,0.04159325712835991
31,0.2851511758118702,0.009462897772820658,-0.025173399323829858,-0.03824370011501873,-0.010360391760482467,-0.006439301523125805,-0.030401519640305408,0.03059321738524267,0.0016207172981073331,0.023840228643128417,0.026672127147886006,0.032118085810881374,0.027543480533965266,0.03734620612735692,0.023622390296608602,-0.031708549719424294,-0.02343069255167134,-0.03236206475898374,-0.030619357986825222,-0.0378080234219791,-0.03279774145202337,0.021879683524450088,0.03887107455299562,-0.033886933184622436,-0.014499320344358944,0.015562371475375465,0.03865323620647581,-0.04107559861977632,0.030375379038722856,0.02776131888048508,0.02536509706876712,0.023622390296608602,0.009680736119340472,-0.044561012164093354,-0.014934997037398574,-0.02822313617510726,0.017522916594053795,0.03778188282039655,-0.04303614373845465,-0.036065316649820586,0.013166149663657504,0.021661845177930274,0.015998048168415095,0.03908891289951544,-0.030619357986825222,-0.004696594750967289,-0.003171726325328587,-0.0005576661670908124,0.0101164128123801,-0.014499320344358944,0.009245059426300842
32,0.21031354983202682,0.01405427410923294,0.03232760614724147,0.02099351412366656,0.02076220612318544,-0.01786622995716171,-0.02920032198073662,0.03672245815638277,-0.02850639797929326,0.01312904210730846,-0.01740361395619947,-0.015784457952831624,-0.02133584996437852,-0.028043781978331017,-0.020641925962935157,-0.04007179800334929,0.014748198110676304,-0.03891525800094369,-0.01485922595090714,0.03510330215301492,-0.00421905792877559,0.01405427410923294,-0.015090533951388261,0.0038767220880636328,0.023537902128958888,0.00989073010057277,-0.013702685948501537,-0.009539141939841365,0.011047270102978372,0.03464068615205268,-0.0014433619230021424,0.04134861816600518,-0.015321841951869381,-0.03405778999084015,0.025388366132807854,0.01012203810105389,-0.015784457952831624,0.027470138137137938,0.029320602140986904,-0.0289690139802555,-0.011389605943690331,0.04019207816359958,-0.004450365929256711,-0.005375597931181193,-0.013702685948501537,-0.028043781978331017,-0.010464373941765848,-0.030819477984104466,0.0013323340827713056,0.02770144613761906,0.02723883013665682
