1,1.154778010178122,-0.037673607504924427,-0.02814176025808233,-0.0102563472674979,0.0016234476000930376,-0.011556435864905243,-0.008984524320281928,-0.008616938415607112,0.021061281403808283,0.03428023319855753,-0.02970735911721589,-0.019552251249827277,-0.015032458834225193,0.045540508271967976,-0.035509492107288106,-0.007313764672192982,0.0068687253091021154,-0.015758882099298654,-0.034295338660067204,-0.0020053805808551766,0.003441079917661725,0.030157050031006494,-0.027826865989632247,0.024488378224156098,0.03961159929789535,0.01085691634855953,0.038686177938006064,-0.0060479184657400535,-0.002015097730102215,-0.030866965803559025,0.009181954339619651,0.014018891191126037,-0.04149958272518565,-0.011321236875144485,-0.025547362736515714,-0.021856474447603382,-0.036898232631899536,-0.00030095037178449986,0.01165717572373544,0.022037842260015348,0.01044258682548444,0.003957430113211898,0.017943236578892425,0.02938385209268135,-0.025772031933194484,-0.010684438261837804,0.011089948848346989,0.0004106199106585624,0.04168551002770448,0.03155795332090642,0.045059300151260036
2,0.6332053037726091,-0.016684945105131573,0.030713061471224646,0.011075610832262333,0.005356180326279512,0.03395612649841771,-0.02746252300535554,0.02413798528439727,0.0007785421077377212,-0.029278864766515634,0.017404474200430186,-0.011803188519772197,-0.01738403145271374,-0.005384606784466046,-0.01993425319993793,0.0036605129931470835,-0.027193148396259383,0.030553310863106316,0.03996340163204129,-0.031416343650463516,-0.008210910241033738,-0.018855551531909466,-0.014948694608295336,0.012765304507134756,0.019249751463738408,0.007739312627975958,-0.03742507385744004,0.008145475853656017,-0.002194147155559369,-0.03483183196167182,-0.031007340835461403,-0.01584589187099127,0.034268166999472584,-0.002978987646438411,-0.03129558456447715,0.03400067723569684,-0.019213820561660412,-0.038786525013517884,0.037004180756189005,0.004400302031587647,-0.019965313427916614,-0.036192571551327074,0.03492044945702316,0.03932900478573683,0.03180694374424411,0.0024814529117592825,0.01624183646826694,0.012282914338318024,0.0013063278005179444,0.017170219393386303,-0.012417376875435702
3,1.0975678538810458,-0.027024222354115366,0.0013968603674818945,0.009788737090841847,0.017568236567925846,0.034837716087136275,-0.0071166608428659284,0.03651894322136976,0.029133276513566262,-0.010618133514929996,-0.009656567315411386,-0.041939004900417035,-0.04055834959711139,0.019517032072727123,-0.0063121079329142215,0.03764378545724825,-0.0028259373861678626,0.022084413762444282,-0.027241250726913895,-0.020032538660778042,0.029321330493999567,0.021111569398146807,-0.001237582857790504,-0.03728421445464176,0.030459398743247344,0.030722243721465353,0.03873672107185851,-0.04178801176774246,-0.034654630415839834,-0.016071297078642164,-0.02611561104886849,-0.03821302410557099,0.013445303980018206,-0.005043309697159024,-0.031230543421141052,-0.03179623568511931,0.030355625037196476,0.02310428859307827,-0.009642674688141553,0.009260990776543798,-0.006047706948717642,0.02976218756717519,-0.0005176178871424939,-0.03220583224024042,-0.012282896684913433,0.008683220623454403,0.03251368513968208,0.010213633366478653,-0.013882852095263201,-0.004190837156189097,0.019350451811655886
4,0.5745345969347293,-0.04091052997916104,-0.03795159668665675,-0.013537886680758157,-0.022451884849185724,0.0001311895247269644,0.03115978169398519,0.016701802060611882,-0.013734276085660736,0.032464969793438436,0.017038596296845513,-0.033381873161475374,-0.011561069428857804,0.0077454726250543665,0.03722240684360677,0.026997330518334105,-0.0049212553204876445,-0.014177473362935476,-0.029391153224368874,0.03534654596106786,0.02816325421886811,-0.000630126484397679,-0.020778038067659738,0.020570585953405465,0.002198458869020364,-0.030843728123841018,0.018448832565471557,0.017269545493109502,-0.015166981452094228,0.01304872373725694,-0.005089688349544344,0.005903342921962749,-0.01279876146157918,0.00937557410146079,0.03064816477094606,0.019676348980415575,-0.03734164823113631,-0.020383777669583693,-0.022947738001152674,-0.04037072782623269,0.012855787911588633,0.015096283374289868,0.025334818294608062,0.02935995799365935,0.025618102854620937,-0.022492767534570593,-0.03296400089253812,0.03381381089623125,-0.015403569053220762,-0.04086441329494019,0.027905276967445537
5,0.5879826616553291,-0.03946624148204666,0.017110642245874497,-0.006624167737836496,-0.015976998571361894,0.017409211696418344,0.019704357574894707,0.02552213878797276,0.031028456096077753,-0.0004591038150262635,0.034696600166049744,0.04179304982810017,-0.03418801810638974,-0.005295563105124763,0.03228763181181118,0.01809035220623073,-0.011228383100562818,0.003152178223520423,0.0100089437257836,-0.0068925579852361024,0.01456863523432207,0.016708209184156542,-0.02504166674340826,-0.033905743222959354,0.03579898572173121,-0.040442055412813725,0.014774061574809828,0.022414084891733625,-0.03838665001660315,-0.01462884805135996,0.0113561194941441,-0.03612188560300954,-0.03832444149644785,0.012142372150478807,-0.003043922025291109,0.020083623953144152,0.023075826848115717,0.005901395834795063,0.00765138186629003,0.005300154707591262,-0.02690135224997839,0.04625159589023925,-0.035938097586629594,-0.0061158369010698745,-0.026823390712252496,-0.020883636376842016,0.02545030352431117,-0.03286041376500985,-0.024029810944935143,-0.008787021412858585,0.02008549318646115
6,1.1345392363115303,0.01568722396506909,0.0046767594576444865,0.007025911386398131,-0.04567481440344213,0.033466456398954084,-0.02852941856432188,-0.04844322091755129,-0.04198609588624828,0.01629920959809269,-0.011150522307444602,-0.014430848704092041,0.02819027887951796,0.014120326665203867,0.018996458319149923,0.0032490797693548075,-0.039608763223962624,0.03118562172317461,0.027694890753430592,0.016528981669184924,-0.017729997515193194,0.006397936732965864,-0.04470034854692243,-0.013978531491870167,-0.007733730774012504,-0.0354734523273341,0.016179673614731736,-0.014293149513995776,0.025683030288594554,-0.01836271315228487,-0.019410517910467107,-0.011728775721648014,0.014430860873479737,-0.01654116178236463,-0.007136076549300165,0.005388602088426549,-0.013196769967127821,-0.04163703798687717,0.021241299751750146,0.021686546959314046,0.026942033482376823,0.02650935097585895,-0.012442976967972724,0.019573989397605605,0.028186104253952907,0.0057909198361872855,-0.0044289772246497,0.0006720497624198156,-0.0005637736628214914,0.03509428068500091,0.038283797814062055
7,0.7030227763502337,-0.025326284290316248,-0.03196746735605592,-0.010570722884683475,0.040550532808826936,-0.02835894203119975,-0.008903154227619628,0.028337795404527563,0.02288121496725439,-0.020138813133699876,-0.03587437394330667,-0.014305891357283081,-0.01811801921013616,0.012781038933272652,0.03256836594023515,0.013606123825834954,0.012323830648047426,-0.013525577485213205,-0.03182397286376337,0.021142543425779016,-0.003345662325973203,0.025045806106397922,-0.009979875335337536,-0.015226017908653704,-0.009663941991141352,-0.03415922333073057,-0.0103850486016875,0.02723733366559369,0.046717282891784354,-0.015967140739432128,0.009343729451233974,0.04907599355380709,0.0005793069422651522,-0.023300636305954872,-0.0288408679623709,0.0281310718128389,-0.028675416566604918,0.0009262122865596196,0.023818687327983343,0.021494637207512927,0.015548932281909771,0.010879407642830359,-0.01052106935213844,0.03751223206485973,0.007628774397779159,-0.02869521331304138,-0.0232735758880826,-0.009497355328306055,0.0007659797269270525,0.01916099449220727,-0.017613564073531117
8,0.5994637605205304,-0.0233672984597779,-0.046466960909705854,-0.04026522198214212,0.02492728606056846,-0.013672679008804362,-0.017676420534970493,0.01611624406588717,-0.0007287404536490134,-0.0034443610086979893,0.028233588859811608,-0.03920979007597757,0.03735817844519666,0.008309507116601582,-0.046375387186903906,0.003552788753182729,-0.010510264998074769,0.03654257538156213,-0.02683605612070166,-0.04135316876262293,0.004482582263739945,0.033002336635713794,0.018879470429136302,-0.01218353189904721,0.031513704834523315,-0.021205743078015312,0.023907034397960374,0.03563973036594113,0.027021257882867578,-0.036185012534064705,-0.029378629973985167,-0.011721747878267384,0.03252483018429324,-0.0031158553664914,-0.0171945344510033,0.001123315995021803,-0.006065875716682335,0.03797748136622546,-0.009193976236085005,0.005014129178268717,0.029460767856326696,-0.0017993452344337748,0.03741443347158746,-0.03415199800575594,-0.01038576627384512,0.03563315144636779,-0.04000349602821131,0.024859668611993468,-0.0008731023312125329,0.015641577425965232,-0.005770676519604695
9,1.2306778684209567,-0.0378408843603005,-0.026124527863351052,-0.008435425800307119,0.017523231705753355,-0.0002640461484452535,-5.682788416782375e-05,-0.011424181225198251,-0.03415359382505155,-0.0279564797050402,-0.0019323154847963838,0.021278788078653195,-0.012652645258593295,0.021671589149953253,0.000574104796397117,0.03025533614154753,0.021403131526527674,-0.023518867406090358,0.03946437899065504,-0.001414847168081608,0.03057809507931041,-0.02407085221111618,0.005818347113854923,-0.023999353861237485,0.03647155748432563,-0.030454489261996755,-0.013945695841214308,-0.021235320477154308,0.016611064335168915,-0.02101458121677831,0.02314097196777643,0.022813936859411042,-0.03351705529451965,0.01652785213185096,0.01643317163646428,0.013335112180038394,0.018318577697397028,0.007223063950904488,0.0032812801298479394,0.03010892265354717,-0.005413508456998904,0.031236272096444875,-0.004964287082211764,-0.02281088610414918,-0.01684296392291151,-0.0038279511110697103,0.01589036480448516,-0.002793226114862809,-0.026980140904881426,-0.0350548997566045,0.03274070323682277
10,0.646073407894309,-0.014211186889430192,-0.041071035672540876,-0.003995838923200962,-0.010903083265505637,0.02702021271601961,-0.025400229341701438,-0.029478561246498527,0.0036015987491507476,-0.024390585684076097,-0.0071983422703215645,0.009374098709685268,-0.024357959816920613,0.037531307338707014,0.022810912326010326,-0.035866091255101415,0.03407351730413887,-0.04282660303968848,0.01713358323018903,-0.03770949913583668,-0.030127138354519495,0.02124818291232799,0.04035236584019721,0.029894867913892318,0.017148429427496597,0.003163065057958006,0.03522115566556275,0.04032819658810847,0.007000948845139229,-0.020332839440031693,-0.0362515790828177,0.021313284110916347,0.033042799390860265,-0.01580888765421435,-0.027887219992920542,-0.03850627610854943,0.03922009284715965,0.03919832804553265,-0.010923100964127208,0.018168376840945973,0.005453512789628032,0.028443186655921486,-0.039911168502278285,-0.03428532209042671,-0.017029097633351212,-0.010746472654230482,-0.03964195566748551,0.011215958622786824,0.03585570043128054,0.004588106557907754,0.03645828576825116
11,1.1888942227217383,-0.03772049550195888,-0.03310895700358342,-0.03672237576725663,-0.008386310179922033,0.026469089208924202,0.020024252906149436,-0.009434817984338664,-0.028227932109119412,-0.022559569344552322,-0.022342617752764846,0.03742628708481445,0.011512740389173711,-0.03372162695377023,-0.010265595034203582,0.009836316291556315,0.005450974212662788,-0.0028900982222386613,0.03275489733212453,0.027040085651527372,-0.04129114151486814,-0.0196496920996965,0.03846789970646864,-0.021596309997137807,0.040630363891595536,0.03158073747035142,-0.04489384888619222,-0.02554496660859918,-0.03255542995605731,-0.007827412866643357,-0.01998748343816721,0.02546574120460213,0.017324724516252436,-0.013032245735911874,0.0045637326659686995,0.01196642773296415,-0.014767516677332065,0.012584590323612168,0.03132564790571621,-0.021338480139429575,0.021334938267271356,-0.03952545218424668,0.007229782477012291,0.03975694164359189,0.009710850590621734,0.034783067750579794,-0.008229371228161723,0.015710284558176725,0.03495495707703628,0.030317677154271205,-0.022603260826873615
12,1.163200836040206,0.017018162010673653,0.009042572265726046,-0.017010937334376443,0.010934137833455216,0.04709860609264778,0.020625638699555023,-0.022654295178989505,0.032109665256600785,0.016421939463797514,0.0367592567790507,0.011238671006105825,-0.03168264969079516,-0.008426492365569638,0.005705642477127326,-0.006398352102694773,0.022554903765125287,-0.001581947240832528,0.0246226521277397,0.016363459051471678,-0.01774923076904177,0.0004225890862394832,-0.020903439553466373,-0.015398730056016992,-0.010173954329219706,-0.011739288278554477,0.017241752493971956,-0.009301307860613579,-0.02949529800005935,0.022836440645090522,-0.02093506590939004,-0.004339451783019359,-0.022317117391785986,-0.0004235776334678144,0.004068915219681929,-0.006815999555056101,-0.030115889332677136,0.010488058266789922,-0.026011798901288262,-0.039051400278416706,0.030162033068806514,0.00429659944235708,0.029699944906757154,0.002327801185852785,-0.007280082295635642,-0.023673780176919304,-0.020929563788941175,0.022754195039170533,-0.03526722679247987,-0.008996614799851976,0.033879855215363026
13,0.5710725938543543,0.04056116363308346,-0.03125326532686054,-0.03969355147071714,0.025002238103845522,-0.006868161367799138,0.02009324066363422,0.0034123884484647056,-0.03892376766240261,-0.006681895488022082,0.006816869977507463,0.040274347857836595,-0.024410725531572173,0.0349533767959418,0.043155334276736346,-0.019583964778127665,-0.037461134955074776,0.005898186230579016,-0.037307364043792285,0.02787092272968165,-0.04136497920678635,-0.015441343935339634,0.035931029223094206,-0.013884391680846476,-0.003788627756154095,-0.04064129783325025,0.008941681615003328,-0.019370724917983397,0.0414602689210742,0.031179582812408083,-0.018180828200505386,0.010551098181183742,-0.0021850715190995388,-0.0337820604039271,0.010958009260822974,0.015237643512236764,-0.03241967467030393,0.04000228679742352,0.019365594449704468,0.010027289208837045,-0.010163087508452764,-0.020168203481609377,0.03946320911899464,0.03359469309740038,-0.025284672280767338,-0.012481238248816558,-0.02323967198087316,-0.01863491225145638,0.018928700898892568,-0.029671915647395915,0.039207376333545034
14,0.7998736519066632,-0.03724383262969565,-0.02118912022452005,0.020816920197284896,-0.014487007128115943,-0.025709906116210404,-0.003040969011575596,-0.013521913610498211,0.004119725253547376,0.004358419017220211,-0.018370517307561094,0.027962931515101954,-0.022680973545051403,-0.03677978544828241,0.0039035166785786777,-0.02889382723561348,0.019821203563844324,0.04032365289652271,0.021525300983285575,0.004063483687043352,0.023454258893849507,-0.0022510777760235794,0.03113731045298056,-0.031535602547330656,0.03366693155156471,0.020163102620842623,-0.03479173276631088,0.011175329103240884,0.02500430356710615,-0.01574036854994532,-0.0028821377483996486,0.04508548422394909,-0.01063437817979621,-0.010189275088305572,-0.01627208526086823,-0.012195465542319497,0.013003482347101029,0.012349829186771907,0.04514069133452021,-0.008494480136249873,0.026024089896516604,-0.009013574845293436,-0.024406256696906013,-0.013083507593457862,-0.02386339727533446,-0.00712177305842324,0.04528307919598486,0.025755713550781413,-0.026180446019071903,0.007107241219414202,-0.04067258959589347
15,1.5271876453003632,0.042640086040193696,-0.018874416161830592,-0.02899019476663314,0.006652789032408179,-0.0010428673376393454,0.018635618409168494,0.023411919373065967,-0.012272976450844957,0.03290625886992299,-0.03288180328856135,0.007590159187607064,-0.018422956101764552,-0.031008031417818886,0.032264838317688824,0.005186267642894937,0.039464400286470074,-0.017969387352458083,0.008163924692621734,-0.023395782324931943,0.03264229157169797,0.0325013499418021,0.03332375952965983,-0.02339620485514826,0.027440128827712476,-0.03159439799553645,-0.005230259188396534,-0.021973358245714524,-0.008379961789295577,-0.02833884715733796,0.022923996288049253,-0.03924250122493445,0.016796420909468774,0.007142254614364905,0.022653490270167748,-0.022461887110840278,-0.009814045544067906,0.03918906084234522,0.0126505829152972,0.03334362227455971,-0.002609562666350253,-0.0011773608264854043,-0.03783960835634705,-0.039129278494975626,-0.00025362518980677154,0.007542451407515323,0.00041459291452135733,0.023655746217116816,-0.03130290997953513,-0.008809516995211375,-0.032724269553862796
16,1.1371939997507978,0.016835099868733723,-0.00836845751059323,-0.023326653809957215,0.0397386529612058,0.021216394125443752,0.023350865619185587,-0.011307833504268651,0.04520943627662687,-0.02294146129345287,0.036778173993916925,0.013236273655230366,-0.007428338204910991,-0.03733479033213284,-0.011226014743002569,0.0039244661293666066,-0.001192064161022022,0.02160108116014831,-0.009959005502466471,0.0041589863486943815,-0.008795131905591906,0.009480411335307321,-0.03926073199420304,-0.023615345794328568,0.04484080336212346,-0.016675636755958012,0.00963171532366183,-0.004782916782283105,0.028478317285670848,0.03316905620832452,0.0070472477643679825,0.007242549755775454,0.004923554583322319,-0.025283389822330585,-0.026215040639038137,0.047331409671752915,-0.012455492817748593,-0.025703751453010418,0.031877672979499894,0.03737017018407494,-0.035753878385528105,0.00838220818276365,-0.03290264802428765,0.011133034800140995,0.0007670634261351477,-0.024438847268290306,-0.03171164218972915,-0.03728479985005896,0.010184633693733215,-0.012893708373039752,-0.02705169757798438
17,0.5629372844477485,-0.04005137424255277,-0.005389032855590752,-0.03083851277215482,0.0336987259717171,-0.020511114519756696,-0.022556888097989523,0.021147699988838507,-0.04042538026978208,-0.04003644359284214,-0.041100804758198634,-0.043846954324432696,0.037700083012954334,0.03222243500415387,0.03293657363957153,0.0299950637867016,0.01216007172117439,0.019007844979338672,0.01201379956944539,0.030220574144530932,0.012803797711542383,-0.0034758441739689678,-0.01842036372266567,-0.031293852952919546,-0.028590254043909153,0.03689218994795637,-0.022487638371256037,-0.02215960608145626,-0.014369194930303465,0.03462418767733892,0.00781451587409678,0.04237551605231007,-0.00300146146091101,0.03692415188279496,0.03193337432482484,-0.003221339800257625,0.002987882030698512,0.022875975340228706,0.020572570851674007,-0.006727881745833222,-0.03628058810707512,-0.04151842442091634,-0.04432466711748763,0.006295210864439296,0.0017047462759134434,-0.008493893439687374,0.035801426303466714,0.035000563738514706,-0.02400068027777468,-0.0036991967972403584,0.007112412182734663
18,1.1944688574979598,0.017530459213971374,0.006902401971687766,-0.028359393893789865,0.02444128608441916,-0.017926035081222837,-0.0015050221124059495,0.016280869698278102,-0.041160728106163294,0.003866101692907933,0.02501038228713901,-0.028254210828472286,0.029445454377726374,-0.007512613442850861,-0.03089807637607692,-0.010860175121475123,0.0385212430721891,-0.0316212464370301,0.013686658256651071,0.02334493492173924,0.026964705056050097,0.02457317279423581,-0.041535273767434495,-0.00811264152970529,-0.034949689407079314,0.009131032212191265,0.016019495613367785,-0.03867665321301736,0.026250477773295196,-0.021450071088251817,0.03521141289625432,-0.0039013645013003446,-0.010473527792235204,-0.0281951614291426,-0.03593593322049377,-0.019163297941321846,-0.03183534863102484,0.009133374415480504,0.034972109625700507,-0.02354317048153263,0.01607504469349718,0.03065224061314571,-0.01206570178040762,-0.030526871486392236,0.03979249015051675,-0.035711992703178506,0.026101744848804773,0.03650873363910252,0.006532516205900919,0.03902983392311494,-0.0018039756653574475
19,0.9900475238220614,-0.03904912779326357,0.03934531960309948,-0.024269423913014666,0.007148439561307689,0.045702263264269884,0.037844780524889696,0.0029060329342226743,-0.007309709292152602,-0.03814462840857732,0.017468385912284584,0.040515260797429724,-0.031227331613450243,0.00568416599838574,-0.037214147087399264,-0.00031141779180837015,-0.03505271834959929,0.04536140674181274,-0.014082766911154425,0.020165383393857768,0.043173583302898166,-0.03116573629147489,-0.019440266795952205,0.04026628509647581,0.027079805184112394,0.029956720246679117,0.02985671546543243,-0.007098429962924213,0.03613022669690639,-0.015021108637395307,-0.03175030581503008,-0.01808684586010643,-0.02356319108934417,-0.032778579744470994,-0.013262234390525133,0.004304907594824119,-0.016257279814478758,-0.03267502183558571,0.018114283270802476,0.04268830304997078,-0.028162322413542187,-0.039479371682025345,-0.03434482075071816,0.02097959731008181,-0.009444599634197264,-0.03990986434307924,0.027388169728494123,0.040382863472056,-0.025038942094742778,0.040049598141056485,-0.018372304975335377
20,1.1237379783117158,0.0285236084567289,-0.013394268713544343,-0.014852021174785316,0.011676709965546553,0.006620728052992198,-0.010275287009433105,0.033803526355743366,-0.01034207863414335,-0.04165750094207834,0.03840425701062151,0.027689052566922934,-0.009490023932697898,-0.0005873010960709791,-0.031793242688775675,-0.004027814433340005,-0.04170241276895892,0.01642559731957973,0.035522947446193935,-0.03968923433326397,0.015783721607896505,-0.0012190167265547476,0.006407969384795057,-0.005034764815380817,-0.010967982738607317,0.010600862761719504,-0.024466739265330464,0.010195424927235682,0.01850721782573004,0.00025266666405263875,-0.029918209784922285,-0.01124071749064493,0.009019887563153582,0.026309132129390105,-0.011845459281562875,0.005846348168035747,-0.026996042389486965,0.014280216375529403,-0.01376143930182393,0.025974846175389543,-0.037417363725141164,0.02305983934530912,-0.03581301283433333,0.0298769816648057,0.001867428053557816,-0.0029440002088057223,-0.00785081086477496,-0.0028275480601142617,-0.020108816008628332,0.03715285318371721,0.026421286218559638
21,0.612495235177455,-0.021990780314396028,0.04548243366087548,0.014737013351562724,0.011978804724183122,0.02352248509667391,0.013746241882306758,-0.02857822764092772,-0.011528898533745826,-0.02883229962213205,0.03288083381104676,-0.03758969739947336,-0.01705490953820259,-0.001662023594532995,0.0445682039390759,0.01182527408235721,-0.03899715665882582,-0.025094244540624713,-0.015432774778989829,-0.03457843460510393,-0.009153836766596108,-0.026445553811545546,-0.007765459187295011,0.046161757779895576,0.01229003311302709,0.018829414229719205,0.01665143493148062,0.02258849102321429,-0.03257519196949755,-0.03381851153388352,0.027888695197799095,-0.03433852134135059,-0.027369087065727347,0.018788919804168726,0.03568898686256193,-0.024892699841864714,0.021817653796978705,0.009361703664533157,-0.03642931047448704,0.03606397579871214,-0.008202878270688002,0.03484374380130682,0.03724097513481006,-0.028326162380080164,-0.020172580808348422,-0.03275571731923629,-0.013050767802515538,0.039742666360877636,0.0057929099892207484,0.01594744006489778,-0.0018043663012159458
22,0.7436085952223027,-0.012217539682000152,-0.04643050277569035,0.00782320879491119,-0.03265101777438521,0.03340615989373502,-0.02410335187797894,0.019213537115419958,0.01289896798546065,0.03971667152303873,0.024717672869209405,-0.00244337344391086,0.018172831832481154,0.01993306304319137,0.03216426046108194,-0.03635980089973896,-0.013201960175734336,0.03594668018411661,-0.04736538007196274,0.006734110018337053,0.019113548179649907,-0.02256014147831849,-0.046963695419477494,0.023722488234675553,0.02875860483870298,-0.04045138211093292,-0.04547196627242266,0.024502138226216736,-0.008937210780501643,-0.00430705692082725,-0.023364329749543347,0.021066734737910698,0.007352042001938426,-0.04442117560298603,-0.005864974288872626,0.025211279250527345,0.005264578867807104,0.009966949622817602,-0.008530504908655147,0.03940939361941702,0.014371606673827643,-0.029891837883487038,-0.04150354672797568,0.023311102508401675,-0.03160881103215762,0.01831841022635886,0.03309652352056495,0.03267291492442234,-0.012719002109975893,0.027904260353699594,-0.023401177520383905
23,1.825635584347661,0.023585492947144262,0.011166722014995556,0.03481127765776525,0.0035892807245758046,0.020792712508882708,-0.03949648011449301,-0.04380640071711822,0.010475793894341117,-0.007968725924734452,-0.021359161327152938,-0.0007395129165322985,0.02261825060508844,0.02838716941580571,0.039523796233657635,0.04053815597029442,-0.006717256085642846,-0.007256890918225869,0.024472674280782723,-0.02179717827434585,0.010076327089520163,-0.03710624163748201,-0.007501089117857284,0.03715188869411811,-0.0064810575999962785,-0.040142792343888414,0.02944636016584438,0.01708277324868226,-0.0057757767425170616,-0.022792062451511462,0.020646003560737012,-0.03300270626490302,-0.040847928589951,-0.01908147223507009,0.009314576940518996,0.03998771218753145,-0.03725872508830249,-0.0069037152841985375,-0.01642521218847471,-0.02427572173250277,-0.03636374999047103,0.041172514771647066,0.00039392183499637807,-0.008905371112730808,0.034528100088966805,0.0045602136192806906,0.02882221260747352,-0.00358767124155941,-0.01263809232993915,0.00502084808403766,-0.029933786917084714
24,1.1669431017685103,-0.0030100632063796203,0.009581105602322592,-0.03222744704253261,-0.010970630550965779,0.016985346399702075,0.018167670894837944,-0.03423826338215209,-0.000969654560247459,0.024225019479427942,-0.03385098241014547,0.01552874861225188,0.041483423583482094,-0.0005844110901968306,0.03164968619713424,-0.03550131479618035,0.040344780861805374,0.007291445727992278,-0.00803808452284607,-0.014617285721432121,0.0370740993401278,0.004670305002381076,0.007817815975216556,0.03300346077442553,0.024034854003068366,-0.040411364220392564,-0.027337870338889948,-0.0010309081957599344,0.01016103604642536,0.009398150200355195,0.009422330792161886,-0.024125754355486216,0.02990017669029194,0.009826388086884548,-0.037167442769582,0.010644602979819067,-0.02103439954567535,-0.0055710974478987195,-0.025393801250454984,-0.005470686848444257,-0.02387826743994446,-0.017387192971497323,-0.01227338775759025,-0.011158128907693535,-0.03473863500169984,0.011476230959208033,0.03830904653659647,-0.02687417712847618,-0.0015596257611985554,0.022565358251794447,0.025859794226053237
25,1.1897902261572264,0.011263090883335056,-0.02915657084188828,0.025552518327914407,0.016397350556925566,0.03269144692129553,0.02777754080363034,-0.0415374041043146,0.033467058333502234,0.038652783465517704,-0.011613219678719039,0.01703408127649551,-0.02658088550491824,0.017874285701633436,0.004907522971289397,-0.01993106668510135,-0.03794764892948,-0.0137153546272642,-0.030120516120487106,0.039770949542123915,-0.004401675879691703,-0.031110162172241267,-0.018255645853443633,0.00031844736219345185,-0.015110492880827863,0.02075753446151741,-0.016609364146583858,0.013444536955230535,0.010836470830057749,0.005842582211130646,0.0028035737983716793,-0.03668065710155238,0.0035468995556906142,0.004419235830241248,0.02857082853447579,-0.03480941794627105,-0.005783191528763313,0.014264345347630995,-0.03000375612669378,0.0009576004040264095,0.029159718279205424,-0.027521873721665053,0.02528688766320658,0.028482052343335885,-0.02276415603750558,-0.03721364683254471,0.014488152735988125,0.0025104112390497706,-0.01777386052327365,-0.005558834174275572,0.04312149508248816
26,0.6964184071239025,0.02243293005875689,0.00495408790418354,0.03971386763550484,0.03643759697476435,-0.001092633584632083,0.007227480688437903,0.014746653597396166,-0.033340088974410195,0.0015356034506158673,-0.03412245820767035,0.038221657206384096,0.02045377044739621,0.0008953251298054579,-0.03597562233807903,-0.019580395031357934,0.016589846969179735,0.023033802702786363,-0.014890224052847475,0.006029382806347061,0.023544994011641788,-0.021666516888977735,0.02437049498400494,0.0280706210302332,0.03773002099579919,0.029487279688948077,-0.00527101275707693,-0.025772044182325357,-0.03752055196150466,-0.02167642276989932,-0.01656992727028238,-0.023612076062865486,0.029325649769704233,-0.038671906704964135,-0.021002479647223952,-0.041008072142264436,-0.003530719212925104,0.03416570327661375,0.03807707832438108,-0.03400621339023336,-0.03442585019844756,-0.013921766172137088,0.003670490263257495,0.008316096120660536,-0.011480498188751243,0.009423999791821012,-0.043196750375320614,0.036048721201744266,-0.022969831599389888,-0.0206867584530338,0.04148766513625872
27,0.9400242093652171,0.01160385325304642,-0.022937065983994646,0.0063652521509206614,0.02162307021395403,0.0366460625714421,-0.016935606200425005,-0.01256244013234587,-0.0017491544596348336,-0.023521406473955543,-0.02255834547113003,0.017150382633767124,-0.02979634930198589,0.029126010065822418,0.004540498258892243,-0.004193392422404783,0.0004449190195884259,0.03265530625890502,0.022517311043914526,-0.011542122784976478,0.010373069976109739,0.03099139893349109,-0.023203222169199438,0.03846330245374928,0.04059907364888094,0.005967413672060048,-0.0029453578546409067,-0.017081206031545903,-0.020243794211202815,-0.02816625208820053,0.019092341445943132,0.01957857494110126,0.03153075934615408,-0.037427302310570475,-0.02278819490582763,-0.020067303833168435,-0.003009636644975536,-0.029827282851922963,0.02823648483866972,-0.03961199520751479,-0.03009022596716458,0.0290338934040943,0.0033121824648701405,0.009708440884536625,0.00838684197971113,-0.03443504966504396,-0.0010995659453245563,-0.02211391894417305,0.026581559394516303,0.02109776483205355,-0.027719575824871816
28,0.5909615311535105,0.013299868781323016,0.04249381978665102,0.00873692668530355,0.03008172170049478,0.0008086414295499064,0.014229632136856843,0.03333504144287226,-0.031217250133749142,-0.028466688762608057,0.010968839732270958,-0.003653156642391604,-0.038270770756925525,-0.017641610682125462,0.019585784420178623,0.015332230540615641,0.035054984850210566,-0.0004485393338497718,-0.027653936208610782,-0.03175198975244644,0.012212139793538735,0.028963094505269644,0.030708723860421387,0.03530164735990329,-0.033252724443100304,0.033807503828123926,-0.011442503339164942,0.011878317352162576,-0.028852233319279275,0.007605576898823635,-0.0037298556841315134,0.027498801073522264,-0.028274006279876394,0.00988922120742919,-0.006296781666937752,-0.01483926535919701,-0.009461142490313601,0.03878228587821575,0.03129507673091001,-0.04021067298497925,0.0018462962983313682,-0.038849612284380095,-0.024229834623106444,-0.010970310032120081,0.021564250148261244,-0.03797365469701547,-0.007280375006171137,-0.029490143633683397,-0.029753810191102386,0.009728614374850397,0.009001827491171802
29,1.1968316656386502,0.013971239976649445,-0.0023755382233124106,-0.034731514785856996,0.0182448176675995,0.030657606010477942,-0.0022745482921194904,0.026473964227232034,0.00581050715850934,-0.03747793449214995,-0.037649845812148,0.03596753486332917,-0.020885715369682995,-0.02549837471093584,0.005193757640680389,-0.04259346925185418,0.03199648448975338,0.007262646807265796,-0.009505381994128238,-0.02222525102947159,0.012408737786351907,-0.04106570349344208,-0.005692629542434361,-0.011664109287957403,0.03145982990685603,-0.04397436318744078,0.007188630589296188,0.01732110886979092,0.006350474862977745,0.018990712471517065,0.014739833719331828,-0.023478459127256605,0.023625747501929847,-0.025799415589066465,-0.0019710243186551926,0.04175000370820971,0.02952038017063899,0.007513451651293742,0.03820868562705012,-0.007983093499050182,-0.023084656618427218,0.002816292400478292,-0.03679126006434417,-0.040687629906043576,0.014962571458006977,-0.002185235410618405,0.03780865959575867,-0.018978657920963808,0.030688370918129128,0.030924572010898217,-0.023282810162648316
30,0.9447213483282639,0.03817904051011791,0.03883047834649324,0.025557972320104202,0.03989615236898845,0.00956470033971787,-0.036021818192044405,-0.0056772639036829055,0.018573993242733854,0.03920150441685902,0.02668365376831275,-0.033050967751633784,-0.022534211910471152,-0.03450596897643987,-0.03636791248734875,0.0018581123473905149,0.02678477667421594,0.03958647476694219,0.012928118423185893,-0.01016762433459182,-0.04008738676541558,0.025337358028720475,0.027260927302439845,-0.030940753102454803,-0.016271646259230436,-0.008886027244078783,0.014837681505728135,-0.004602444845658316,-0.030346343668293897,0.02809109022665756,-0.03502084963768292,-0.034429269066132986,0.031691048172468865,0.010660071086349816,0.015987675380372532,-0.01964708215004035,0.0104381639736806,0.013116873435410716,-0.0013700645830515912,0.013426054208283295,-0.001412218661885221,-0.025259085026973594,-0.03786110283690472,-0.031844902761324255,0.039053004974914624,-0.005064654572624019,0.036131297595611,-0.015103990346058875,-0.020475824638164726,-0.0410252731399832,-0.005701536553535956
31,1.4631763007597582,-0.024448084619507877,0.03472067440970215,0.02272696503893005,-0.0010822614309161896,0.0360815271245756,-0.0036498991519247044,0.041794231334948084,0.0072520770725820055,0.023460105839202477,-0.010810353466543455,0.0019848422950146253,-0.04108064410294304,0.0010969123388926204,0.030546446169614355,0.021047007110154402,-0.03498886164179181,-0.013621220825890528,-0.038540834663324294,-0.03781704605013824,0.031079862525265494,0.031253380859101135,-0.03129696282830239,0.03847942259313572,-0.03174484730450443,-0.0034729866860916322,0.027896422201051086,-0.01795089198531952,-0.006217077452477334,-0.0050023902811576005,0.03716538413599978,-0.02156543953684315,-0.012675341215852754,-0.0339477683982383,0.02199027975274508,-0.010204216996431153,-0.03991606054226335,-0.009103039370055624,0.002924579240196139,0.0389290027114161,0.029028182790440296,0.04055069455904715,-0.011228632074043085,0.0018586309526459359,-0.011646211893669389,2.4201652612918554e-05,0.023373876534452182,-0.032729320595269534,-0.012586745493927057,-0.014129207141990919,-0.03380836349230542
32,1.089052440056787,0.018327928327928133,0.013627207235566978,-0.0010984214985190093,0.001487690862031495,-0.021812671247028643,-0.01733946481066423,0.0249282440205926,0.03485475875216213,0.012222682649118074,-0.03909119847997378,-0.03494132111793621,0.03391655101639751,0.021515981017479365,0.02529351688704168,-0.01106686017847474,-0.010361093269337108,0.022914256585778,-0.04157556990488424,0.003967239582652237,-0.038285165507925975,0.019975961048416424,-0.03497073727427686,0.03169694825072606,0.016620474307611374,0.029372663189875373,-0.01724558830635539,-0.012014718653733339,-0.011216581611039335,0.0021456403287339007,0.03616345366141227,-0.025604001504866754,0.03706562687537219,-0.031177470172193595,0.028082438272739423,0.03865846826445755,-0.021462847821042307,-0.03599625859549889,0.0078118705780984244,-0.017673348471380013,-0.030418336604073445,0.008815877896315891,-0.04010142570521142,-0.013513711131312962,-0.009490880424582872,0.032905478600315785,-0.03785211380036253,-0.017450571767174492,0.021648683406177247,0.007999169193662808,0.039741547047179956
33,0.7782629015846831,-0.04494391101044251,-0.03337283309457,0.023905059207079766,0.03696194408280404,0.03319284880703629,-0.012886815136803408,-0.023523198932951555,0.00021251444277951958,-0.021914486730798283,0.02223285981916321,-0.0011109533583329593,0.01789586400293343,0.007440998692084335,0.0354450672705308,-0.039712997955337975,-0.04130167725634077,-0.01755877239263058,-0.005994589690715938,0.03625611074150207,0.022280794277933915,0.027740769892528595,-0.009830397872056671,0.016572296557906145,-0.008177335842201419,-0.010288900556851369,-0.0372203460678885,-0.023110438962339698,-0.04300030808777509,-0.04517164527354675,-0.012202572429634692,0.022005304630591055,0.02331632657805408,-0.034444387707501176,0.023288373480799943,0.03536830766922881,0.018420567348444872,0.033134634515028086,0.012481954585403878,-0.048442639748090925,-0.034458867403063406,0.012412928385165682,0.03722714086148195,0.0024782016275998447,0.011597367682332754,-0.024964154496562366,0.011105272894674402,0.020012024769208884,-0.012665426608708803,0.026865311637441023,0.01644681215541147
34,0.6498750502573318,0.003577813309394764,0.009989839633000104,0.02218942786400573,0.02668941339665091,0.012726961529799548,0.018436720897851793,-0.00955724725700543,-0.015009304658468838,-0.04765236139658102,0.023575527845777697,0.02270579936456579,0.0003206928854263439,-0.027987759201339356,0.013488777085981994,0.03194555727887939,-0.012135214613578055,0.012301657325631625,-0.0030361064874147455,0.028277658514019186,0.028691000714524215,0.03607742306184263,-0.015362098618234262,0.012939517595293507,0.035916929920001145,-0.04786348241123825,0.022456523541029998,-0.045462202632483704,-0.011021860224853526,-0.012713383480000801,0.001925767194975833,0.005530091626895713,0.023344661992647973,-0.0072658375045124195,0.027610554756196174,-0.02993845311761279,-0.007906422983052604,0.02006884970035428,0.02929293112919603,-0.02530320461805197,-0.03168752390290819,-0.03606389045072428,0.002432041448277016,0.01270576727615629,-0.027317466109892354,-0.031216644794028137,0.027769134157721892,-0.010180592597169812,-0.00020668204817733598,-0.014086116144726463,-0.0440131857940442
35,1.1227420008727111,0.0160234666821948,0.00041675257529634653,0.008438617297031794,-0.01942582646524052,-0.03406542289320252,-0.01262371234790518,-0.02223051401713337,0.009736477338399342,0.02046094974912628,-0.03939345765993498,0.014600182478193191,0.0426733952304521,-0.017045142216426685,-0.02647232541232437,-0.029509593733165678,0.007647146910701731,0.026295946126057186,0.026739717420467077,-0.033405945390339156,-0.005138451592802464,-0.03714824563130424,-0.024861206543665727,-0.008351742237397843,-0.01982211320521669,-0.039847360962475896,-0.028745226239058168,-0.0038604581454561495,-0.01752920292376446,-0.012138990061388442,-0.04366017710722935,0.008695811445770517,0.02527455248762188,0.035015812205984036,0.0345762223944501,-0.03292833512310694,-0.017487860002671277,0.04342944337192955,0.03891487313623139,0.042759028918575755,0.025160309842682457,-0.028993245054258703,0.04166761749233438,0.041377412377863944,-0.029376419810214525,0.0033137214610763,0.03107809378567209,-0.005180093047941319,-0.032716430856478594,0.03756709607944322,0.040094851872543684
36,1.1260258272639876,-0.037286947044294534,0.003848092263486199,0.005998051872896162,0.0012334662414305538,0.029727338341174848,-0.006618265586093287,0.004283403270884471,0.025726006065427968,-0.009071358043197109,0.03555793528177126,-0.040031033470599976,0.02191622180946769,0.030827044598264453,0.027552256428929018,0.02698103332471953,0.003523465616615782,0.03697317479484319,0.02306873683445085,-0.00020240800506524345,-0.006608403526870862,0.0029603519161017994,0.019063351590156645,-0.03253094157051669,-0.04275537086115914,0.03360534614082029,-0.006278773685166474,-0.0019122505881699404,0.029344909400157722,-0.021727042652006517,-0.016711587433913756,-0.04495671063421194,-0.010001158440581867,-0.023996092284919255,-0.004079087195640688,-0.018652411233454163,0.03418369597146534,-0.03255442284105573,0.001054162517659345,0.025733644594949194,6.160966947101594e-05,-0.012785568728022993,0.03183466827325466,0.009728044420142308,-0.006631955487847726,-0.04237948876557781,-0.022860558643726887,0.03332971233856246,-0.04581660365607669,0.009892985568859267,-0.021560268767794096
37,1.092407991344498,-0.0062319805377958285,0.04409855127454944,0.0019387027392512423,-0.002219006648440304,-0.03834016789039853,-0.02329856679647023,-0.0334150553100233,-0.004237657382449853,-0.015684432342223685,0.011802714689069828,0.0334107422212539,-0.036884368577005236,0.00145561824273554,-0.04112676803288997,-0.03342754504108725,0.04406972229636364,0.04104847142038043,-0.04012119860431511,-0.02719887537429133,0.030990264123544296,-0.02740753324468815,0.035995149832636235,-0.004848567101049921,-0.026503261387830483,-0.03910790455485577,-0.016753740434873512,0.03889908641949569,0.03285778670638939,-0.03442091435478125,0.03516497487861298,-0.029375362766080926,0.01764538745640803,-0.01563690506580988,0.029744821265182058,0.045339757788041744,0.03280066042554846,-0.010440560990195307,0.007691738073095427,0.01227067366014555,0.0009106189647409675,-0.03541426709296832,0.017496216506345155,0.03997922322579049,0.0035447516918288955,-0.021803028684497,0.026948427491307526,-0.0401925859067772,0.020666278154336207,-0.03209807705338815,0.029417991628128592
38,1.0478895211263386,-0.03532452682984863,-0.015631393711778168,0.026874604776084426,0.0011938465681057837,0.010618992173008652,0.010682825483993257,-0.018286394743772534,0.0011110583075628498,0.015403914739574974,-0.035169551520409244,0.020671773434305592,0.025058088465483037,-0.04350320251344973,-0.011591172897753625,-0.009235272048026624,0.0002543843542891826,0.02489641042955602,0.01890137632878315,0.0171147366986974,-0.05261739236038605,-0.025022608931425182,0.025173995805209824,-0.0047266355494925555,0.030097053278202914,-0.017678425750529303,-0.03192269452853542,0.006086077259501019,0.02328237325589217,-0.038528656967396116,-0.02244516815729167,0.026718357705912663,0.01987607998560941,0.012439758702045967,0.027701881230549008,0.017176288972450836,0.02865694029886145,0.00020911205963566954,0.01735294102593989,0.010956137190123187,0.02641911815972922,0.028080208767757665,0.012085146954750492,-0.0415581699959141,-0.03410170166023769,-0.006269673858969229,-0.007584011518144127,0.022310633501021162,0.0042382162112019235,-0.03931352785355294,-0.021132150726929484
